language,category
linkedin,simplicity
linkedin,work
linkedin,inspiration
linkedin,failure
linkedin,education
linkedin,faith
linkedin,change
linkedin,success
linkedin,leadership
linkedin,life
linkedin,science
linkedin,art
linkedin,truth
linkedin,happiness
linkedin,beauty
linkedin,freedom
linkedin,nature
linkedin,philosophy
linkedin,friendship
linkedin,kindness
linkedin,time
linkedin,peace
linkedin,humor
linkedin,wisdom
linkedin,motivation
linkedin,courage
linkedin,hope
linkedin,death
linkedin,love
linkedin,knowledge
linkedin,family
linkedin,dreams
brainrot,simplicity
brainrot,work
brainrot,inspiration
brainrot,failure
brainrot,education
brainrot,faith
brainrot,change
brainrot,success
brainrot,leadership
brainrot,life
brainrot,science
brainrot,art
brainrot,truth
brainrot,happiness
brainrot,beauty
brainrot,freedom
brainrot,nature
brainrot,philosophy
brainrot,friendship
brainrot,kindness
brainrot,time
brainrot,peace
brainrot,humor
brainrot,wisdom
brainrot,motivation
brainrot,courage
brainrot,hope
brainrot,death
brainrot,love
brainrot,knowledge
brainrot,family
brainrot,dreams
